[
    {
        "name": "Attribute 1",
        "category": "attr1 category1",
        "subcategory": "sub category 1",
        "description": "Attribute Description"
    },
    {
        "name": "Attribute 2",
        "category": "attr2 category1",
        "subcategory": "sub category 2",
        "description": "Attribute Description2"
    },
    {
        "name": "Attribute 3",
        "category": "attr3 category1",
        "subcategory": "sub category 3",
        "description": "Attribute Description3"
    },
    {
        "name": "Attribute 4",
        "category": "attr4 category1",
        "subcategory": "sub category 4",
        "description": "Attribute Description4"
    },
    {
        "name": "Attribute 5",
        "category": "attr5 category1",
        "subcategory": "sub category 5",
        "description": "Attribute Description5"
    }
]