{
	"statusCode": "200",
	"body": {
		"wltDivisions":[
			{"id":1,
			 "name":"nameupdated",
			 "description":"description1",
			 "number":"011",
			 "createdOn":1455533476793,
			 "modifiedOn":1455535929667,
			 "regionId":1,
			 "regionName": "Southeast"
			},
			{"id":2,
			 "name":"divisionname2",
			 "description":"description2",
			 "number":"0201",
			 "createdOn":1455533583123,
			 "modifiedOn":1455533617907,
			 "regionId":2,
			 "regionName": "Central"
			},
			{"id":3,
			 "name":"divisionname3",
			 "description":"description3",
			 "number":"00201",
			 "createdOn":1455600851967,
			 "modifiedOn":1455600852063,
			 "regionId":1,
			 "regionName": "Southeast"
			}
		]
	},
	"statusMsg":"Successfully Fetched Divisions"
}