{"statusCode":"200","body":{"wltAttributes":[{"id":1,"name":"Attribute 1","description":"this is attr 1","categoryName":"Category 1","subCategoryName":"Sub Category 1 - 1","createdOn":1455873548380,"modifiedOn":1455873585430},{"id":2,"name":"Attribute1","description":"Attribute1","categoryName":"Category1","subCategoryName":"Sub Category1","createdOn":1455888268800,"modifiedOn":1455888268800},{"id":3,"name":"24 HOUR PHARMACY","description":"24 Hour Pharmacy available 24*7","categoryName":"Category 1","subCategoryName":"Sub Category 1","createdOn":1455891786570,"modifiedOn":1455891786570}]},"statusMsg":"Successfully Fetched Attributes"}