{"statusCode":"200","body":{"wltDivisions":[{"id":1,"name":"Division 1","description":"division one 1","createdOn":1455873413273,"modifiedOn":1455896024390,"regionId":1,"regionName":"Southeast","number":"001"},{"id":2,"name":"Louisville","description":"This Louisville Division belongs to Southeast Region","createdOn":1455891661240,"modifiedOn":1455891661243,"regionId":1,"regionName":"Southeast","number":"24"},{"id":3,"name":"Div1","description":"Division Nu11","createdOn":1455896063863,"modifiedOn":1455896063863,"regionId":1,"regionName":"Southeast","number":"12"}]},"statusMsg":"Successfully Fetched Divisions by Region Id !!!"}