{"statusCode":"200","body":{"id":1,"banner":"banner","storeNumber":"storeNumber","storeNickName":"storeNickName","facilityTypeDesc":"facilityTypeDesc","facilityOpenDate":1455877110803,"facilityCloseDate":1455877110803,"language":"language","contactNumber":"contactNumber","wltAddressDTO":{"id":2,"addressLine1":"addressLine1","addressLine2":"addressLine2","city":"city","state":"state","zipcode":5345634},"wltDivisionDTO":{"id":1,"name":"Division 1","description":"division one 1","createdOn":1455873413273,"modifiedOn":1455896024390,"regionId":1,"regionName":"Southeast","number":"001"},"wltStoreAttributes":[{"wltAttribute":{"id":1,"name":"Attribute 1","description":null,"categoryName":null,"subCategoryName":null,"createdOn":null,"modifiedOn":null},"attrQuantity":4}]},"statusMsg":"Store Successfully Fetched !!!"}