{"statusCode":"200","body":{"id":9,"skuName":"Free Friday Download Insert, 8.4375 * 11","itemType":"Inserts","itemSpecs":"Quilted Northern Bath Tissue End Cap Header Inserts  17X40  18 pt C1S","unitOFMeasure":"Case","quantityPerUOM":10.0,"totalQTYInUOM":120.0,"totalQTYInEaches":5.0,"size":"1052 * 750","inks":"12pt CIS","substrate":"Substrace Insert","finishingDetail":"This is insert for Free Friday","hardware":true,"bannerVersioning":true,"banner":"'[{\"name\":\"Kroger (WSK Start Date P2W2)\",\"ticked\":true},{\"name\":\"Kroger Marketplace \",\"ticked\":true}]'","bannerCount":2,"fundingSource":"vendor","allDivisionsParticipating":true,"imageBytes":"","itemCost":250.0,"versionCost":14.0,"combinedUnitCost":100.0,"totalItemCost":45.0,"hardwareCost":425.0,"orderedQty":10.0,"overs":52.0,"shrinkwrapUnitCost":12.0,"shrinkwrapTotalCost":12.0,"overallSignTotal":14.0,"estimatedTax":1.0,"estimatedFreight":2.0,"createdOn":1455892244513,"modifiedOn":1455892244513},"statusMsg":"Item Successfully Fetched !!!"}