{"statusCode":"200","body":{"wltItems" : [
    {
        "itemno": "101",
        "id": 1,
        "skuName": "Item 1",
        "itemType": "flex",
        "inks": "blue flexi",
        "bannerVersioning": "checking",
		"fundingSource": "Vendor",
        "overs": "1%",
        "totalItemCost": 24
    },
    {
        "itemno": "121",
        "id": 2,
        "skuName": "Item 2",
        "itemType": "paper",
        "inks": "yellow flexi",
        "bannerVersioning": "checking",
		"fundingSource": "Client",
        "overs": "1.1%",
        "totalItemCost": 13
    },
    {
        "itemno": "201",
        "id": 3,
        "skuName": "Item 3",
        "itemType": "banner",
        "inks": "mix flexi",
        "bannerVersioning": "checking",
		"fundingSource": "Vendor",
        "overs": "2%",
        "totalItemCost": 26
    },
    {
        "itemno": "231",
        "id": 4,
        "skuName": "Item 4",
        "itemType": "pole",
        "inks": "blue pole",
        "bannerVersioning": "checking",
		"fundingSource": "Client",
        "overs": "2.5%",
        "totalItemCost": 8
    },
    {
        "itemno": "301",
        "id": 5,
        "skuName": "Item 5",
        "itemType": "bill boards",
        "inks": "white",
        "bannerVersioning": "checking",
		"fundingSource": "Vendor",
        "overs": "3%",
        "totalItemCost": 22
    }
]},"statusMsg":"Successfully Fetched Categories"}