{
	"statusCode":"200",
	"body":{
		"id":1,
		"storeNumber":"00203",
		"facilityTypeDesc":"Combined",
		"storeNickName":"WaveRock Hill Side",
		"validFromDate":"2016-02-25",
		"validToDate":"2016-03-31",
		"divisionName":"Division 1",
		"promoName":"Promo 1",
		"periodWeek":"P2W3",
		"grandTotal":"12",
		"wltItemDTOs":[
			{
				"imageByte": "",
				"itemId":1,
				"fundingSource": "Vender",
				"itemQuantity": 2,
				"itemName":"Item 1",
				"unitCost":"23",
				"uom": "43",
				"total": 46
			},
			{
				"imageByte": "",
				"itemId":2,
				"fundingSource": "Vender",
				"itemQuantity": 4,
				"itemName":"Item 2",
				"unitCost":"41",
				"uom": "12",
				"total": 84
			},
			{
				"imageByte": "",
				"itemId":3,
				"fundingSource": "Client",
				"itemQuantity": 8,
				"itemName":"Item 3",
				"unitCost":"13",
				"uom": "65",
				"total": 104
			}
		]
	},
	"statusMsg":"Successfully Fetched Promo Details"
}