{
	"statusCode": "200",
	"body": {
		"wltDivisionPromos":[
		    {
		        "name": "Promo 1",
		        "id": 1,
		        "description": "buy 1 get 1",
		        "startdate": "20/02/2016",
		        "enddate": "30/02/2016",
		        "fundingsource": "vendor",
		        "periodweekstart": "P2W1",
				"periodweekend": "P2W4"
		    },
		    {
		        "name": "Promo 2",
		        "id": 2,
		        "description": "buy 2 get 1",
		        "startdate": "20/02/2016",
		        "enddate": "30/02/2016",
		        "fundingsource": "vendor",
		        "periodweekstart": "P2W1",
				"periodweekend": "P2W4"
		    },
		    {
		        "name": "Promo 3",
		        "id": 3,
		        "description": "buy 1 get 2",
		        "startdate": "20/02/2016",
		        "enddate": "30/02/2016",
		        "fundingsource": "client",
		        "periodweekstart": "P2W1",
				"periodweekend": "P2W4"
		    },
		    {
		        "name": "Promo 4",
		        "id": 4,
		        "description": "buy 2 get 2",
		        "startdate": "20/02/2016",
		        "enddate": "30/02/2016",
		        "fundingsource": "client",
		        "periodweekstart": "P2W1",
				"periodweekend": "P2W4"
		    },
		    {
		        "name": "Promo 5",
		        "id": 5,
		        "description": "flat 25%",
		        "startdate": "20/02/2016",
		        "enddate": "30/02/2016",
		        "fundingsource": "vendor",
		        "periodweekstart": "P2W1",
				"periodweekend": "P2W4"
		    }
		]
	},
	"statusMsg":"Successfully Fetched Divisions"
}