[
    {
        "store_id": "011_00002",
        "nickname": "Irmo Station",
        "region": "southeast",
        "division": "ATLANTA",
        "address": "7467 Saint Andrews Rd Suite 6",
        "zipcode": "290632875",
        "city": "Irmo"
    },
    {
        "store_id": "011_00012",
        "nickname": "Forest Acres",
        "region": "southeast",
        "division": "Delta",
        "address": "7467 Saint Andrews Rd Suite 6",
        "zipcode": "290632875",
        "city": "Irmo"
    },
    {
        "store_id": "011_00020",
        "nickname": "Galleria Shopping Center",
        "region": "Midwest",
        "division": "Central",
        "address": "7467 Saint Andrews Rd Suite 6",
        "zipcode": "290632875",
        "city": "Irmo"
    },
    {
        "store_id": "016_00251",
        "nickname": "Irmo Station",
        "region": "Midwest",
        "division": "southwest",
        "address": "7467 Saint Andrews Rd Suite 6",
        "zipcode": "290632875",
        "city": "Irmo"
    },
    {
        "store_id": "014_00933",
        "nickname": "Irmo Station",
        "region": "Mountain",
        "division": "Smith's",
        "address": "7467 Saint Andrews Rd Suite 6",
        "zipcode": "290632875",
        "city": "Irmo"
    }
]